{"cameraMode":{"drawMode":0,"name":"Shaded","section":"Shading Mode"},"sceneLighting":true,"audioPlay":false,"sceneViewState":{"m_AlwaysRefresh":false,"showFog":true,"showSkybox":true,"showFlares":true,"showImageEffects":true,"showParticleSystems":true,"showVisualEffectGraphs":true,"m_FxEnabled":true},"in2DMode":false,"pivot":{"x":-14.119878768920899,"y":1.8582231998443604,"z":4.191431999206543},"rotation":{"x":0.016351887956261636,"y":0.9390918016433716,"z":-0.04510948061943054,"w":0.3403432369232178},"size":2.8880815505981447,"orthographic":false}